cell,outcome,pm_action,k_action,mean_gap_c,le_m2c_pct,ge_p2c_pct,prints
Premier League 2025/26 | post_0_to_105m  F=60s,all,buy,buy,-0.2950077097056602,10.254504349151016,3.799291493495062,971339
Premier League 2025/26 | post_0_to_105m  F=60s,all,buy,sell,1.2133425283353725,4.413523992763533,21.786902715477524,443863
Premier League 2025/26 | post_0_to_105m  F=60s,all,buy,all,0.07544139511837324,8.305994259240428,7.73245348789499,1121106
Premier League 2025/26 | post_0_to_105m  F=60s,all,sell,buy,-1.4902169622039443,36.20068080110481,1.6482122247181552,855169
Premier League 2025/26 | post_0_to_105m  F=60s,all,sell,sell,0.015285854314117229,11.807444324576199,9.999037677459874,394878
Premier League 2025/26 | post_0_to_105m  F=60s,all,sell,all,-1.1271150050262326,29.887682523408653,3.307248071639687,998776
Premier League 2025/26 | post_0_to_105m  F=60s,all,all,buy,-0.8050998173173923,19.347026140497793,2.4184217018600305,1151164
Premier League 2025/26 | post_0_to_105m  F=60s,all,all,sell,0.671037304655013,6.557443399806063,15.17095998988153,592975
Premier League 2025/26 | post_0_to_105m  F=60s,all,all,all,-0.43760806631735544,15.665669884877067,5.132710945031904,1304866
UEFA Champions League 2025/26 | post_0_to_105m  F=60s,all,buy,buy,-0.18744982808047456,8.843691229883571,4.806946896937852,557256
UEFA Champions League 2025/26 | post_0_to_105m  F=60s,all,buy,sell,1.3055932283154883,3.6964836062530164,22.902602948275224,269310
UEFA Champions League 2025/26 | post_0_to_105m  F=60s,all,buy,all,0.18105726803724462,7.192569983593761,8.992737941102693,641829
UEFA Champions League 2025/26 | post_0_to_105m  F=60s,all,sell,buy,-1.4974601628069713,35.04048205619579,1.8139248651433357,498863
UEFA Champions League 2025/26 | post_0_to_105m  F=60s,all,sell,sell,-0.02624079026470766,11.010483246075445,10.000286987573439,243913
UEFA Champions League 2025/26 | post_0_to_105m  F=60s,all,sell,all,-1.1370488729467867,28.325186563321687,3.5326889146717377,582644
UEFA Champions League 2025/26 | post_0_to_105m  F=60s,all,all,buy,-0.7361209487779942,17.838613791865935,3.2637680707147148,640885
UEFA Champions League 2025/26 | post_0_to_105m  F=60s,all,all,sell,0.7117653832888328,6.0572021331163155,15.905528507936143,348973
UEFA Champions League 2025/26 | post_0_to_105m  F=60s,all,all,all,-0.36998346830272205,14.363441051500825,6.194193755858587,730765
World Cup 2026/27 | post_0_to_105m  F=5s,all,buy,buy,-0.15024742248992562,3.302442910053574,0.9387460107354864,1354573
World Cup 2026/27 | post_0_to_105m  F=5s,all,buy,sell,0.8156346269430179,0.8007218619439032,7.211495801427977,800153
World Cup 2026/27 | post_0_to_105m  F=5s,all,buy,all,0.031307078923884714,2.1343368300351293,1.6705246196496817,1398842
World Cup 2026/27 | post_0_to_105m  F=5s,all,sell,buy,-0.9129195034347958,18.477636786109258,0.4542196669890679,1038044
World Cup 2026/27 | post_0_to_105m  F=5s,all,sell,sell,0.07211189944705136,3.233253516957017,2.901460777741815,651913
World Cup 2026/27 | post_0_to_105m  F=5s,all,sell,all,-0.6839448894704621,10.64184168414311,0.6208699541088119,1086701
World Cup 2026/27 | post_0_to_105m  F=5s,all,all,buy,-0.40222815967759296,5.715647741630081,0.5429822017314891,1499865
World Cup 2026/27 | post_0_to_105m  F=5s,all,all,sell,0.5362192214295912,1.0048446502529305,4.386384327698344,916062
World Cup 2026/27 | post_0_to_105m  F=5s,all,all,all,-0.21389847796794798,3.620047694641136,0.9505494399512381,1555311
World Cup 2026/27 | pre_last_hour  F=10s,all,buy,buy,-0.2449136606677054,2.486165853237278,0.05640256861075616,741101
World Cup 2026/27 | pre_last_hour  F=10s,all,buy,sell,0.6539348205715093,0.10888254972385218,2.284562819319016,202971
World Cup 2026/27 | pre_last_hour  F=10s,all,buy,all,-0.20817929324752313,2.072634533918149,0.12136084714420665,747358
World Cup 2026/27 | pre_last_hour  F=10s,all,sell,buy,-1.1199754203878791,25.197754822307814,0.0,391773
World Cup 2026/27 | pre_last_hour  F=10s,all,sell,sell,-0.18655505685824184,3.24704167283578,0.37128571916677106,87803
World Cup 2026/27 | pre_last_hour  F=10s,all,sell,all,-1.0811410571960856,21.43993685952002,0.010371633329876123,395309
World Cup 2026/27 | pre_last_hour  F=10s,all,all,buy,-0.4011040471971067,4.744449700188824,0.034041923840439,784327
World Cup 2026/27 | pre_last_hour  F=10s,all,all,sell,0.501483582783483,0.33525606014182885,1.6438648140994045,225201
World Cup 2026/27 | pre_last_hour  F=10s,all,all,all,-0.36393711429999814,4.076799854350336,0.08041075228304584,790939
Premier League 2025/26 | post_0_to_105m  F=60s,team_win,buy,buy,-0.3554430220933993,10.687592147430639,3.448923245375069,761687
Premier League 2025/26 | post_0_to_105m  F=60s,team_win,buy,sell,1.0997180691738078,4.458154847666112,19.924393056550343,361607
Premier League 2025/26 | post_0_to_105m  F=60s,team_win,buy,all,0.009045855628652589,8.616800648747368,7.125999186794266,880466
Premier League 2025/26 | post_0_to_105m  F=60s,team_win,sell,buy,-1.5093656383524272,36.95862245610767,1.4938818516276253,687136
Premier League 2025/26 | post_0_to_105m  F=60s,team_win,sell,sell,-0.056139391087571544,11.82492581602374,8.9540059347181,323520
Premier League 2025/26 | post_0_to_105m  F=60s,team_win,sell,all,-1.1585233163768949,30.437063350947778,2.943576874530409,802561
Premier League 2025/26 | post_0_to_105m  F=60s,team_win,all,buy,-0.8650021790181057,20.204883827669093,2.135299340873301,899827
Premier League 2025/26 | post_0_to_105m  F=60s,team_win,all,sell,0.5767800030895587,6.65232493554511,13.59376424846842,482508
Premier League 2025/26 | post_0_to_105m  F=60s,team_win,all,all,-0.502513685474646,16.305582201545587,4.596686403751581,1020583
UEFA Champions League 2025/26 | post_0_to_105m  F=60s,team_win,buy,buy,-0.26890252062592,9.662165367939938,4.39074315485537,442613
UEFA Champions League 2025/26 | post_0_to_105m  F=60s,team_win,buy,sell,1.166986889105679,3.924476255724228,20.9619406483251,221864
UEFA Champions League 2025/26 | post_0_to_105m  F=60s,team_win,buy,all,0.0881314274942919,7.830601788810627,8.281820942603277,510395
UEFA Champions League 2025/26 | post_0_to_105m  F=60s,team_win,sell,buy,-1.5655080337572496,36.755799592280106,1.6293915450203116,403218
UEFA Champions League 2025/26 | post_0_to_105m  F=60s,team_win,sell,sell,-0.13520722619495218,11.573163621270666,8.821930804122896,202382
UEFA Champions League 2025/26 | post_0_to_105m  F=60s,team_win,sell,all,-1.215024515807119,29.5988533214029,3.0821227972342315,471623
UEFA Champions League 2025/26 | post_0_to_105m  F=60s,team_win,all,buy,-0.8257163270237109,19.084493429954357,2.8873881159294514,506998
UEFA Champions League 2025/26 | post_0_to_105m  F=60s,team_win,all,sell,0.5855467312912441,6.4328813452729925,14.238147978631599,286217
UEFA Champions League 2025/26 | post_0_to_105m  F=60s,team_win,all,all,-0.4686591372039984,15.319640777739002,5.517738240446713,578806
World Cup 2026/27 | post_0_to_105m  F=5s,team_win,buy,buy,-0.2754692585014558,4.439542693477092,0.7840504229845933,918946
World Cup 2026/27 | post_0_to_105m  F=5s,team_win,buy,sell,0.7161160901977943,0.9539936435158651,5.979610621928133,575790
World Cup 2026/27 | post_0_to_105m  F=5s,team_win,buy,all,-0.07572968663936232,2.892044881916216,1.3863926495783923,952544
World Cup 2026/27 | post_0_to_105m  F=5s,team_win,sell,buy,-0.9968229632986286,21.456285514903797,0.40089057255840227,752325
World Cup 2026/27 | post_0_to_105m  F=5s,team_win,sell,sell,0.0066863490797832055,3.8367691746189267,2.325190382651701,487702
World Cup 2026/27 | post_0_to_105m  F=5s,team_win,sell,all,-0.7524302820785751,12.589780785774579,0.547530112260732,791372
World Cup 2026/27 | post_0_to_105m  F=5s,team_win,all,buy,-0.5353527343668711,7.275758487513503,0.42803801932533947,1013695
World Cup 2026/27 | post_0_to_105m  F=5s,team_win,all,sell,0.4344416129930247,1.208891239299679,3.295995234339502,658041
World Cup 2026/27 | post_0_to_105m  F=5s,team_win,all,all,-0.3255572702334749,4.668230753221199,0.7405445291657995,1057060
World Cup 2026/27 | pre_last_hour  F=10s,team_win,buy,buy,-0.3330052001584378,2.8438192798715693,0.012013061474111852,549402
World Cup 2026/27 | pre_last_hour  F=10s,team_win,buy,sell,0.5963621969066367,0.12799128964255102,1.9106030069265874,172668
World Cup 2026/27 | pre_last_hour  F=10s,team_win,buy,all,-0.29529271191836304,2.3345994138203947,0.062340309424770604,553414
World Cup 2026/27 | pre_last_hour  F=10s,team_win,sell,buy,-1.1802064476358163,28.254189769328008,0.0,319588
World Cup 2026/27 | pre_last_hour  F=10s,team_win,sell,sell,-0.2309998332496279,3.284323823256772,0.23174374291894118,77672
World Cup 2026/27 | pre_last_hour  F=10s,team_win,sell,all,-1.140700042278748,23.821154359416802,0.0018620702497036206,322222
World Cup 2026/27 | pre_last_hour  F=10s,team_win,all,buy,-0.49312371843466557,5.499296181394978,0.0031127112752778094,578274
World Cup 2026/27 | pre_last_hour  F=10s,team_win,all,sell,0.44288819319934175,0.3074501573976915,1.3153200419727178,190600
World Cup 2026/27 | pre_last_hour  F=10s,team_win,all,all,-0.45492348274485056,4.661774172782285,0.034848289772971115,582525
Premier League 2025/26 | post_0_to_105m  F=60s,draw,buy,buy,-0.07544008437091537,8.681052410661477,5.072214908515063,209652
Premier League 2025/26 | post_0_to_105m  F=60s,draw,buy,sell,1.712848944937638,4.217321532775724,29.974713090838357,82256
Premier League 2025/26 | post_0_to_105m  F=60s,draw,buy,all,0.31837280748687574,7.168799867021276,9.95137965425532,240640
Premier League 2025/26 | post_0_to_105m  F=60s,draw,sell,buy,-1.4119124343197547,33.101236066724994,2.2793141823332324,168033
Premier League 2025/26 | post_0_to_105m  F=60s,draw,sell,sell,0.3391107287830534,11.72818744919981,14.736960116595196,71358
Premier League 2025/26 | post_0_to_105m  F=60s,draw,sell,all,-0.9986483446491004,27.640598323267845,4.794740463267335,196215
Premier League 2025/26 | post_0_to_105m  F=60s,draw,all,buy,-0.5906397003347439,16.27575725022579,3.4320454210880214,251337
Premier League 2025/26 | post_0_to_105m  F=60s,draw,all,sell,1.082743081617763,6.143011034969719,22.059981713996034,110467
Premier League 2025/26 | post_0_to_105m  F=60s,draw,all,all,-0.20459528849945915,13.368368843722628,7.057052303514455,284283
UEFA Champions League 2025/26 | post_0_to_105m  F=60s,draw,buy,buy,0.12702223393480172,5.683731235225875,6.413823783397155,114643
UEFA Champions League 2025/26 | post_0_to_105m  F=60s,draw,buy,sell,1.9537354709164474,2.630358723601568,31.977405893015217,47446
UEFA Champions League 2025/26 | post_0_to_105m  F=60s,draw,buy,all,0.5419143094718843,4.714913949206446,11.753427575817522,131434
UEFA Champions League 2025/26 | post_0_to_105m  F=60s,draw,sell,buy,-1.2105855072700447,27.809085681426108,2.5918762088974856,95645
UEFA Champions League 2025/26 | post_0_to_105m  F=60s,draw,sell,sell,0.504756422333948,8.268522308636921,15.742457441429295,41531
UEFA Champions League 2025/26 | post_0_to_105m  F=60s,draw,sell,all,-0.8058042740626251,22.914583727402924,5.446717287720341,111021
UEFA Champions League 2025/26 | post_0_to_105m  F=60s,draw,all,buy,-0.39684471150460665,13.120766019105663,4.689028807875298,133887
UEFA Champions League 2025/26 | post_0_to_105m  F=60s,draw,all,sell,1.287422275359612,4.343807763401109,23.51010261966983,62756
UEFA Champions League 2025/26 | post_0_to_105m  F=60s,draw,all,all,0.005868368140476446,10.721312985739576,8.770786856981161,151959
World Cup 2026/27 | post_0_to_105m  F=5s,draw,buy,buy,0.11390540852250387,0.9037548177684119,1.2650731015295196,435627
World Cup 2026/27 | post_0_to_105m  F=5s,draw,buy,sell,1.0710322561088454,0.40737554766160194,10.37292245156287,224363
World Cup 2026/27 | post_0_to_105m  F=5s,draw,buy,all,0.25975808882461815,0.5171432540589471,2.276953963495243,446298
World Cup 2026/27 | post_0_to_105m  F=5s,draw,sell,buy,-0.691993802161663,10.634574529520263,0.5946401884368907,285719
World Cup 2026/27 | post_0_to_105m  F=5s,draw,sell,sell,0.26642392339926757,1.4408291770953223,4.612967462593858,164211
World Cup 2026/27 | post_0_to_105m  F=5s,draw,sell,all,-0.5004294808276684,5.422088585949907,0.8173934832000922,295329
World Cup 2026/27 | post_0_to_105m  F=5s,draw,all,buy,-0.12465505615485864,2.4627188020651216,0.782648044922558,486170
World Cup 2026/27 | post_0_to_105m  F=5s,draw,all,sell,0.7957866180105158,0.4844566915096058,7.167246076869712,258021
World Cup 2026/27 | post_0_to_105m  F=5s,draw,all,all,0.02299024468829936,1.3962842021390824,1.3960835000832914,498251
World Cup 2026/27 | pre_last_hour  F=10s,draw,buy,buy,0.00755332131596373,1.461144815570243,0.18362119781532507,191699
World Cup 2026/27 | pre_last_hour  F=10s,draw,buy,sell,0.9819864914610656,0.0,4.4154044154044145,30303
World Cup 2026/27 | pre_last_hour  F=10s,draw,buy,all,0.04039650945998102,1.3251247782865156,0.28977436785876337,193944
World Cup 2026/27 | pre_last_hour  F=10s,draw,sell,buy,-0.8533117986366325,11.665858557872134,0.0,72185
World Cup 2026/27 | pre_last_hour  F=10s,draw,sell,sell,0.15419261581688776,2.9612081729345574,1.4411213108281513,10131
World Cup 2026/27 | pre_last_hour  F=10s,draw,sell,all,-0.8185606353521782,10.941754347558389,0.047888133320563166,73087
World Cup 2026/27 | pre_last_hour  F=10s,draw,all,buy,-0.14285697792256036,2.626023401746153,0.12084269581127186,206053
World Cup 2026/27 | pre_last_hour  F=10s,draw,all,sell,0.8242569492970908,0.4884251900234097,3.453657408745412,34601
World Cup 2026/27 | pre_last_hour  F=10s,draw,all,all,-0.10962677872591152,2.4417745448962163,0.20775955550011035,208414
